task_from,slot_old,task_to,slot_new,weight
gsm8k,760,gsm8k,760,48116
humaneval,760,humaneval,8192,44916
finqa,760,finqa,8193,4448
humaneval,2957,humaneval,2957,44044
gsm8k,2957,gsm8k,8194,43844
finqa,2957,finqa,8195,3032
humaneval,1913,humaneval,1913,44125
gsm8k,1913,gsm8k,8196,43714
finqa,1913,finqa,8197,2339
humaneval,46,humaneval,46,44044
gsm8k,46,gsm8k,8198,43714
finqa,46,finqa,8199,2200
humaneval,3042,humaneval,3042,44044
gsm8k,3042,gsm8k,8200,43648
finqa,3042,finqa,8201,2478
humaneval,3091,humaneval,3091,44044
gsm8k,3091,gsm8k,8202,43587
finqa,3091,finqa,8203,2118
humaneval,4006,humaneval,4006,44044
gsm8k,4006,gsm8k,8204,43581
finqa,4006,finqa,8205,2146
humaneval,3211,humaneval,3211,44071
gsm8k,3211,gsm8k,8206,43580
finqa,3211,finqa,8207,2136
finqa,136,finqa,136,11930
gsm8k,136,gsm8k,8208,10606
humaneval,136,humaneval,8209,4526
finqa,2528,finqa,2528,8974
gsm8k,2528,gsm8k,8210,10017
humaneval,2528,humaneval,8211,464
finqa,27,finqa,27,16797
gsm8k,27,gsm8k,8212,9892
humaneval,27,humaneval,8213,7051
finqa,1038,finqa,1038,9182
gsm8k,1038,gsm8k,8214,9647
humaneval,1038,humaneval,8215,2339
finqa,2352,finqa,2352,8186
gsm8k,2352,gsm8k,8216,8973
humaneval,2352,humaneval,8217,6425
finqa,662,finqa,662,9819
gsm8k,662,gsm8k,8218,8566
humaneval,662,humaneval,8219,655
finqa,383,finqa,383,8462
gsm8k,383,gsm8k,8220,8474
humaneval,383,humaneval,8221,757
finqa,37,finqa,37,8954
gsm8k,37,gsm8k,8222,8458
humaneval,37,humaneval,8223,444
finqa,2247,finqa,2247,11903
gsm8k,2247,gsm8k,8224,8387
humaneval,2247,humaneval,8225,19048
finqa,2659,finqa,2659,8391
gsm8k,2659,gsm8k,8226,8367
humaneval,2659,humaneval,8227,444
finqa,2848,finqa,2848,2983
gsm8k,2848,gsm8k,8228,6556
humaneval,2848,humaneval,8229,3230
finqa,210,finqa,210,3188
gsm8k,210,gsm8k,8230,5944
humaneval,210,humaneval,8231,556
humaneval,3330,humaneval,3330,22185
gsm8k,3330,gsm8k,8232,5733
finqa,3330,finqa,8233,4907
finqa,3693,finqa,3693,6390
gsm8k,3693,gsm8k,8234,5697
humaneval,3693,humaneval,8235,6040
gsm8k,2282,gsm8k,2282,5254
humaneval,2282,humaneval,8236,2952
finqa,3616,finqa,3616,6884
gsm8k,3616,gsm8k,8237,5252
humaneval,3616,humaneval,8238,3221
gsm8k,2429,gsm8k,2429,5247
humaneval,2429,humaneval,8239,1325
gsm8k,2435,gsm8k,2435,5246
humaneval,2435,humaneval,8240,1731
humaneval,3150,humaneval,3150,16345
gsm8k,3150,gsm8k,8241,5128
finqa,3150,finqa,8242,3601
finqa,695,finqa,695,5522
gsm8k,695,gsm8k,8243,5106
humaneval,695,humaneval,8244,3963
gsm8k,724,gsm8k,724,4769
humaneval,724,humaneval,8245,1377
finqa,724,finqa,8246,963
finqa,4085,finqa,4085,8806
gsm8k,4085,gsm8k,8247,4717
humaneval,4085,humaneval,8248,3244
finqa,2891,finqa,2891,3509
gsm8k,2891,gsm8k,8249,4605
humaneval,2891,humaneval,8250,2093
humaneval,95,humaneval,95,6223
gsm8k,95,gsm8k,8251,4549
finqa,95,finqa,8252,2222
finqa,402,finqa,402,4854
gsm8k,402,gsm8k,8253,4482
humaneval,402,humaneval,8254,1973
gsm8k,1935,gsm8k,1935,4353
humaneval,1935,humaneval,8255,1356
finqa,1935,finqa,8256,850
finqa,882,finqa,882,4001
gsm8k,882,gsm8k,8257,4231
humaneval,882,humaneval,8258,1608
finqa,1482,finqa,1482,5204
gsm8k,1482,gsm8k,8259,4147
humaneval,1482,humaneval,8260,1608
finqa,432,finqa,432,6011
gsm8k,432,gsm8k,8261,4037
finqa,3642,finqa,3642,5811
gsm8k,3642,gsm8k,8262,3937
humaneval,3642,humaneval,8263,3200
gsm8k,1995,gsm8k,1995,3770
finqa,1995,finqa,8264,1344
gsm8k,2567,gsm8k,2567,3599
humaneval,1387,humaneval,1387,12576
gsm8k,1387,gsm8k,8265,3576
finqa,1387,finqa,8266,4737
finqa,1912,finqa,1912,2306
gsm8k,1912,gsm8k,8267,3496
finqa,1712,finqa,1712,4373
gsm8k,1712,gsm8k,8268,3435
humaneval,1712,humaneval,8269,307
finqa,843,finqa,843,6363
gsm8k,843,gsm8k,8270,3409
humaneval,843,humaneval,8271,3639
finqa,908,finqa,908,1472
gsm8k,908,gsm8k,8272,3398
humaneval,908,humaneval,8273,1996
humaneval,1146,humaneval,1146,11454
gsm8k,1146,gsm8k,8274,3366
finqa,1146,finqa,8275,3956
gsm8k,922,gsm8k,922,3340
gsm8k,3370,gsm8k,3370,3287
finqa,3370,finqa,8276,832
finqa,3364,finqa,3364,2384
gsm8k,3364,gsm8k,8277,3264
finqa,1893,finqa,1893,5411
gsm8k,1893,gsm8k,8278,3246
humaneval,1893,humaneval,8279,163
gsm8k,3434,gsm8k,3434,3223
finqa,1116,finqa,1116,3587
gsm8k,1116,gsm8k,8280,3185
humaneval,1116,humaneval,8281,1924
finqa,2415,finqa,2415,2038
gsm8k,2415,gsm8k,8282,3129
humaneval,2415,humaneval,8283,1532
gsm8k,245,gsm8k,245,3089
gsm8k,3235,gsm8k,3235,3077
finqa,3720,finqa,3720,5938
gsm8k,3720,gsm8k,8284,3049
humaneval,3720,humaneval,8285,3204
finqa,167,finqa,167,1785
gsm8k,167,gsm8k,8286,2978
humaneval,167,humaneval,8287,1600
finqa,1879,finqa,1879,6537
gsm8k,1879,gsm8k,8288,2972
humaneval,1879,humaneval,8289,5198
gsm8k,1217,gsm8k,1217,2972
humaneval,1217,humaneval,8290,1600
finqa,2472,finqa,2472,1454
gsm8k,2472,gsm8k,8291,2961
humaneval,2472,humaneval,8292,862
gsm8k,3338,gsm8k,3338,2946
humaneval,3338,humaneval,8293,2135
finqa,2181,finqa,2181,5867
gsm8k,2181,gsm8k,8294,2862
humaneval,2181,humaneval,8295,3230
finqa,1771,finqa,1771,1485
gsm8k,1771,gsm8k,8296,2799
finqa,1822,finqa,1822,2114
gsm8k,1822,gsm8k,8297,2727
humaneval,1822,humaneval,8298,762
gsm8k,2500,gsm8k,2500,2705
finqa,3611,finqa,3611,1957
gsm8k,3611,gsm8k,8299,2700
humaneval,3611,humaneval,8300,583
gsm8k,1757,gsm8k,1757,2698
finqa,1757,finqa,8301,502
gsm8k,3306,gsm8k,3306,2684
finqa,3436,finqa,3436,2708
gsm8k,3436,gsm8k,8302,2679
humaneval,3436,humaneval,8303,5533
finqa,1747,finqa,1747,3190
gsm8k,1747,gsm8k,8304,2676
humaneval,3171,humaneval,3171,15821
gsm8k,3171,gsm8k,8305,2651
finqa,3171,finqa,8306,2459
gsm8k,3231,gsm8k,3231,2638
gsm8k,3555,gsm8k,3555,2602
finqa,3754,finqa,3754,3978
gsm8k,3754,gsm8k,8307,2585
gsm8k,1353,gsm8k,1353,2578
gsm8k,54,gsm8k,54,2570
humaneval,54,humaneval,8308,250
finqa,54,finqa,8309,829
gsm8k,1047,gsm8k,1047,2565
finqa,3859,finqa,3859,5313
gsm8k,3859,gsm8k,8310,2562
humaneval,3859,humaneval,8311,2345
gsm8k,2810,gsm8k,2810,2559
humaneval,2810,humaneval,8312,2031
gsm8k,2317,gsm8k,2317,2551
finqa,2317,finqa,8313,1007
gsm8k,3906,gsm8k,3906,2525
humaneval,3906,humaneval,8314,430
humaneval,2336,humaneval,2336,10988
gsm8k,2336,gsm8k,8315,2505
finqa,2336,finqa,8316,1789
finqa,2445,finqa,2445,1101
gsm8k,2445,gsm8k,8317,2499
finqa,1058,finqa,1058,2840
gsm8k,1058,gsm8k,8318,2462
humaneval,1058,humaneval,8319,1627
humaneval,1007,humaneval,1007,10987
gsm8k,1007,gsm8k,8320,2445
finqa,1007,finqa,8321,2568
finqa,1366,finqa,1366,1984
gsm8k,1366,gsm8k,8322,2443
humaneval,1366,humaneval,8323,520
gsm8k,1721,gsm8k,1721,2430
finqa,1721,finqa,8324,974
finqa,3762,finqa,3762,2030
gsm8k,3762,gsm8k,8325,2417
gsm8k,1488,gsm8k,1488,2365
humaneval,1488,humaneval,8326,1306
finqa,1274,finqa,1274,4125
gsm8k,1274,gsm8k,8327,2360
finqa,1063,finqa,1063,1429
gsm8k,1063,gsm8k,8328,2349
finqa,509,finqa,509,4089
gsm8k,509,gsm8k,8329,2341
gsm8k,2430,gsm8k,2430,2282
humaneval,2430,humaneval,8330,430
finqa,2430,finqa,8331,845
humaneval,1218,humaneval,1218,2449
gsm8k,1218,gsm8k,8332,2279
gsm8k,3269,gsm8k,3269,2276
finqa,3269,finqa,8333,850
finqa,3005,finqa,3005,1536
gsm8k,3005,gsm8k,8334,2272
gsm8k,6,gsm8k,6,2272
finqa,6,finqa,8335,913
finqa,3515,finqa,3515,3688
gsm8k,3515,gsm8k,8336,2251
humaneval,1060,humaneval,1060,3495
gsm8k,1060,gsm8k,8337,2214
finqa,1060,finqa,8338,1326
finqa,3402,finqa,3402,3473
gsm8k,3402,gsm8k,8339,2197
finqa,4080,finqa,4080,1797
gsm8k,4080,gsm8k,8340,2176
humaneval,4080,humaneval,8341,260
humaneval,3158,humaneval,3158,6433
gsm8k,3158,gsm8k,8342,2171
finqa,3158,finqa,8343,1101
finqa,678,finqa,678,1188
gsm8k,678,gsm8k,8344,2170
humaneval,678,humaneval,8345,642
finqa,2274,finqa,2274,1891
gsm8k,2274,gsm8k,8346,2092
humaneval,2274,humaneval,8347,1992
finqa,1006,finqa,1006,1283
gsm8k,1006,gsm8k,8348,2090
humaneval,1006,humaneval,8349,478
finqa,2214,finqa,2214,1182
gsm8k,2214,gsm8k,8350,2081
finqa,1714,finqa,1714,1766
gsm8k,1714,gsm8k,8351,2045
humaneval,1714,humaneval,8352,272
finqa,839,finqa,839,1336
gsm8k,839,gsm8k,8353,1985
finqa,4026,finqa,4026,1453
gsm8k,4026,gsm8k,8354,1975
humaneval,4026,humaneval,8355,194
finqa,149,finqa,149,1329
gsm8k,149,gsm8k,8356,1972
humaneval,149,humaneval,8357,594
finqa,3285,finqa,3285,1936
gsm8k,3285,gsm8k,8358,1966
humaneval,3285,humaneval,8359,202
finqa,2616,finqa,2616,1595
gsm8k,2616,gsm8k,8360,1965
gsm8k,1430,gsm8k,1430,1938
humaneval,1430,humaneval,8361,486
finqa,1111,finqa,1111,1206
gsm8k,1111,gsm8k,8362,1934
gsm8k,508,gsm8k,508,1926
humaneval,508,humaneval,8363,583
finqa,508,finqa,8364,513
finqa,1897,finqa,1897,1616
gsm8k,1897,gsm8k,8365,1903
finqa,944,finqa,944,831
gsm8k,944,gsm8k,8366,1897
humaneval,944,humaneval,8367,591
humaneval,3742,humaneval,3742,4850
gsm8k,3742,gsm8k,8368,1873
finqa,3742,finqa,8369,895
finqa,476,finqa,476,1297
gsm8k,476,gsm8k,8370,1859
gsm8k,3214,gsm8k,3214,1855
gsm8k,1067,gsm8k,1067,1840
finqa,1162,finqa,1162,1187
gsm8k,1162,gsm8k,8371,1832
gsm8k,2677,gsm8k,2677,1828
gsm8k,3678,gsm8k,3678,1824
humaneval,3678,humaneval,8372,319
finqa,3344,finqa,3344,1782
gsm8k,3344,gsm8k,8373,1798
humaneval,3344,humaneval,8374,1924
finqa,343,finqa,343,2893
gsm8k,343,gsm8k,8375,1793
finqa,2972,finqa,2972,2574
gsm8k,2972,gsm8k,8376,1774
humaneval,2972,humaneval,8377,466
gsm8k,329,gsm8k,329,1740
finqa,3179,finqa,3179,2956
gsm8k,3179,gsm8k,8378,1740
humaneval,3179,humaneval,8379,451
humaneval,2975,humaneval,2975,4846
gsm8k,2975,gsm8k,8380,1733
finqa,2975,finqa,8381,862
finqa,2594,finqa,2594,707
gsm8k,2594,gsm8k,8382,1732
humaneval,2594,humaneval,8383,255
finqa,4087,finqa,4087,1261
gsm8k,4087,gsm8k,8384,1729
humaneval,4087,humaneval,8385,1895
humaneval,3723,humaneval,3723,1848
gsm8k,3723,gsm8k,8386,1723
finqa,3723,finqa,8387,781
finqa,1360,finqa,1360,1484
gsm8k,1360,gsm8k,8388,1713
finqa,1574,finqa,1574,1507
gsm8k,1574,gsm8k,8389,1713
gsm8k,2183,gsm8k,2183,1706
humaneval,2183,humaneval,8390,621
gsm8k,643,gsm8k,643,1704
gsm8k,1969,gsm8k,1969,1704
gsm8k,620,gsm8k,620,1700
finqa,2360,finqa,2360,1339
gsm8k,2360,gsm8k,8391,1694
finqa,3368,finqa,3368,2019
gsm8k,3368,gsm8k,8392,1694
humaneval,3368,humaneval,8393,623
humaneval,1824,humaneval,1824,5061
gsm8k,1824,gsm8k,8394,1693
finqa,1824,finqa,8395,947
finqa,1378,finqa,1378,3948
gsm8k,1378,gsm8k,8396,1682
humaneval,1378,humaneval,8397,937
finqa,125,finqa,125,4138
gsm8k,125,gsm8k,8398,1681
finqa,1895,finqa,1895,752
gsm8k,1895,gsm8k,8399,1678
humaneval,1895,humaneval,8400,1600
finqa,638,finqa,638,1209
gsm8k,638,gsm8k,8401,1667
humaneval,638,humaneval,8402,1846
humaneval,674,humaneval,674,4833
gsm8k,674,gsm8k,8403,1662
finqa,674,finqa,8404,791
finqa,562,finqa,562,2321
gsm8k,562,gsm8k,8405,1659
humaneval,3278,humaneval,3278,4833
gsm8k,3278,gsm8k,8406,1654
finqa,3278,finqa,8407,777
gsm8k,468,gsm8k,468,1652
gsm8k,2236,gsm8k,2236,1640
finqa,301,finqa,301,1151
gsm8k,301,gsm8k,8408,1626
humaneval,301,humaneval,8409,246
finqa,3408,finqa,3408,877
gsm8k,3408,gsm8k,8410,1623
humaneval,3408,humaneval,8411,441
finqa,3100,finqa,3100,847
gsm8k,3100,gsm8k,8412,1614
gsm8k,2471,gsm8k,2471,1611
finqa,3495,finqa,3495,840
gsm8k,3495,gsm8k,8413,1608
gsm8k,2987,gsm8k,2987,1591
humaneval,2987,humaneval,8414,583
gsm8k,3422,gsm8k,3422,1591
finqa,3826,finqa,3826,1188
gsm8k,3826,gsm8k,8415,1585
finqa,710,finqa,710,3326
gsm8k,710,gsm8k,8416,1583
humaneval,710,humaneval,8417,6685
finqa,2321,finqa,2321,810
gsm8k,2321,gsm8k,8418,1577
humaneval,2321,humaneval,8419,184
finqa,341,finqa,341,1619
gsm8k,341,gsm8k,8420,1574
gsm8k,3660,gsm8k,3660,1558
humaneval,3660,humaneval,8421,597
finqa,1702,finqa,1702,1368
gsm8k,1702,gsm8k,8422,1551
humaneval,1702,humaneval,8423,506
finqa,3853,finqa,3853,879
gsm8k,3853,gsm8k,8424,1530
humaneval,3853,humaneval,8425,1615
finqa,1944,finqa,1944,882
gsm8k,1944,gsm8k,8426,1528
finqa,3845,finqa,3845,1073
gsm8k,3845,gsm8k,8427,1525
humaneval,753,humaneval,753,11243
gsm8k,753,gsm8k,8428,1519
finqa,753,finqa,8429,1576
humaneval,2088,humaneval,2088,2700
gsm8k,2088,gsm8k,8430,1505
gsm8k,3730,gsm8k,3730,1504
finqa,3730,finqa,8431,595
finqa,4067,finqa,4067,1672
gsm8k,4067,gsm8k,8432,1500
humaneval,4067,humaneval,8433,648
finqa,1018,finqa,1018,1959
gsm8k,1018,gsm8k,8434,1493
humaneval,1018,humaneval,8435,219
gsm8k,2994,gsm8k,2994,1489
gsm8k,2067,gsm8k,2067,1483
finqa,1422,finqa,1422,1169
gsm8k,1422,gsm8k,8436,1483
humaneval,1422,humaneval,8437,298
gsm8k,1706,gsm8k,1706,1482
finqa,2527,finqa,2527,806
gsm8k,2527,gsm8k,8438,1470
humaneval,2527,humaneval,8439,740
finqa,2697,finqa,2697,1417
gsm8k,2697,gsm8k,8440,1458
finqa,3980,finqa,3980,671
gsm8k,3980,gsm8k,8441,1449
finqa,67,finqa,67,3396
gsm8k,67,gsm8k,8442,1442
humaneval,67,humaneval,8443,572
finqa,2761,finqa,2761,970
gsm8k,2761,gsm8k,8444,1441
finqa,3765,finqa,3765,644
gsm8k,3765,gsm8k,8445,1441
humaneval,3765,humaneval,8446,368
gsm8k,3727,gsm8k,3727,1428
finqa,2244,finqa,2244,1123
gsm8k,2244,gsm8k,8447,1424
humaneval,2244,humaneval,8448,1895
finqa,2816,finqa,2816,1334
gsm8k,2816,gsm8k,8449,1419
humaneval,2816,humaneval,8450,1686
finqa,345,finqa,345,717
gsm8k,345,gsm8k,8451,1414
humaneval,542,humaneval,542,1600
gsm8k,542,gsm8k,8452,1412
finqa,1648,finqa,1648,3432
gsm8k,1648,gsm8k,8453,1411
finqa,322,finqa,322,768
gsm8k,322,gsm8k,8454,1410
finqa,3499,finqa,3499,2507
gsm8k,3499,gsm8k,8455,1402
gsm8k,2599,gsm8k,2599,1401
humaneval,651,humaneval,651,1667
gsm8k,651,gsm8k,8456,1397
finqa,651,finqa,8457,516
finqa,3935,finqa,3935,1033
gsm8k,3935,gsm8k,8458,1395
humaneval,3935,humaneval,8459,620
finqa,3359,finqa,3359,740
gsm8k,3359,gsm8k,8460,1391
gsm8k,1736,gsm8k,1736,1385
finqa,2149,finqa,2149,1678
gsm8k,2149,gsm8k,8461,1369
humaneval,2149,humaneval,8462,633
finqa,656,finqa,656,1019
gsm8k,656,gsm8k,8463,1367
finqa,101,finqa,101,1350
gsm8k,101,gsm8k,8464,1358
humaneval,3051,humaneval,3051,1600
gsm8k,3051,gsm8k,8465,1357
finqa,235,finqa,235,1299
gsm8k,235,gsm8k,8466,1353
humaneval,235,humaneval,8467,183
finqa,3962,finqa,3962,2826
gsm8k,3962,gsm8k,8468,1351
finqa,2526,finqa,2526,2411
gsm8k,2526,gsm8k,8469,1351
finqa,1476,finqa,1476,795
gsm8k,1476,gsm8k,8470,1350
humaneval,1476,humaneval,8471,260
gsm8k,3901,gsm8k,3901,1350
humaneval,3901,humaneval,8472,704
finqa,3709,finqa,3709,3298
gsm8k,3709,gsm8k,8473,1345
gsm8k,628,gsm8k,628,1333
humaneval,628,humaneval,8474,280
gsm8k,529,gsm8k,529,1318
finqa,1906,finqa,1906,1931
gsm8k,1906,gsm8k,8475,1307
finqa,3041,finqa,3041,1567
gsm8k,3041,gsm8k,8476,1306
humaneval,3041,humaneval,8477,568
finqa,4077,finqa,4077,973
gsm8k,4077,gsm8k,8478,1301
humaneval,4077,humaneval,8479,669
humaneval,3776,humaneval,3776,3200
gsm8k,3776,gsm8k,8480,1294
finqa,1799,finqa,1799,832
gsm8k,1799,gsm8k,8481,1293
gsm8k,640,gsm8k,640,1289
finqa,809,finqa,809,865
gsm8k,809,gsm8k,8482,1275
humaneval,809,humaneval,8483,1724
finqa,1622,finqa,1622,3600
gsm8k,1622,gsm8k,8484,1270
finqa,845,finqa,845,1081
gsm8k,845,gsm8k,8485,1270
humaneval,845,humaneval,8486,648
gsm8k,83,gsm8k,83,1262
gsm8k,118,gsm8k,118,1258
finqa,3260,finqa,3260,1391
gsm8k,3260,gsm8k,8487,1246
gsm8k,71,gsm8k,71,1242
gsm8k,3043,gsm8k,3043,1238
finqa,2573,finqa,2573,2534
gsm8k,2573,gsm8k,8488,1238
gsm8k,834,gsm8k,834,1227
finqa,2557,finqa,2557,680
gsm8k,2557,gsm8k,8489,1224
gsm8k,657,gsm8k,657,1223
gsm8k,384,gsm8k,384,1222
gsm8k,1344,gsm8k,1344,1216
finqa,1145,finqa,1145,3127
gsm8k,1145,gsm8k,8490,1214
gsm8k,3361,gsm8k,3361,1212
finqa,3876,finqa,3876,1356
gsm8k,3876,gsm8k,8491,1211
finqa,2482,finqa,2482,885
gsm8k,2482,gsm8k,8492,1209
humaneval,2482,humaneval,8493,259
humaneval,1710,humaneval,1710,2651
gsm8k,1710,gsm8k,8494,1209
finqa,1710,finqa,8495,682
finqa,1598,finqa,1598,806
gsm8k,1598,gsm8k,8496,1207
humaneval,2052,humaneval,2052,10276
gsm8k,2052,gsm8k,8497,1202
finqa,2052,finqa,8498,1862
gsm8k,1098,gsm8k,1098,1191
gsm8k,3145,gsm8k,3145,1187
gsm8k,3047,gsm8k,3047,1185
humaneval,3047,humaneval,8499,269
humaneval,2339,humaneval,2339,10337
gsm8k,2339,gsm8k,8500,1177
finqa,2339,finqa,8501,2094
gsm8k,2924,gsm8k,2924,1177
gsm8k,550,gsm8k,550,1174
gsm8k,1846,gsm8k,1846,1170
finqa,2131,finqa,2131,1407
gsm8k,2131,gsm8k,8502,1165
finqa,3639,finqa,3639,999
gsm8k,3639,gsm8k,8503,1163
gsm8k,2950,gsm8k,2950,1159
finqa,126,finqa,126,1145
gsm8k,126,gsm8k,8504,1158
humaneval,732,humaneval,732,2593
gsm8k,732,gsm8k,8505,1154
finqa,732,finqa,8506,1016
finqa,1694,finqa,1694,1302
gsm8k,1694,gsm8k,8507,1154
humaneval,1694,humaneval,8508,219
finqa,846,finqa,846,1159
gsm8k,846,gsm8k,8509,1153
finqa,1478,finqa,1478,1295
gsm8k,1478,gsm8k,8510,1149
humaneval,1478,humaneval,8511,226
humaneval,2025,humaneval,2025,1654
gsm8k,2025,gsm8k,8512,1148
finqa,2656,finqa,2656,831
gsm8k,2656,gsm8k,8513,1144
humaneval,2656,humaneval,8514,619
gsm8k,2349,gsm8k,2349,1142
finqa,1044,finqa,1044,1331
gsm8k,1044,gsm8k,8515,1141
humaneval,1044,humaneval,8516,288
gsm8k,2896,gsm8k,2896,1141
finqa,1033,finqa,1033,514
gsm8k,1033,gsm8k,8517,1139
humaneval,3607,humaneval,3607,1664
gsm8k,3607,gsm8k,8518,1135
finqa,3032,finqa,3032,1388
gsm8k,3032,gsm8k,8519,1129
finqa,1517,finqa,1517,977
gsm8k,1517,gsm8k,8520,1129
gsm8k,1709,gsm8k,1709,1116
gsm8k,3431,gsm8k,3431,1110
finqa,56,finqa,56,782
gsm8k,56,gsm8k,8521,1108
humaneval,56,humaneval,8522,291
gsm8k,3075,gsm8k,3075,1103
gsm8k,3595,gsm8k,3595,1100
gsm8k,3054,gsm8k,3054,1097
finqa,2512,finqa,2512,2990
gsm8k,2512,gsm8k,8523,1076
gsm8k,2105,gsm8k,2105,1074
humaneval,255,humaneval,255,10988
gsm8k,255,gsm8k,8524,1074
finqa,255,finqa,8525,961
gsm8k,209,gsm8k,209,1071
humaneval,2363,humaneval,2363,6436
gsm8k,2363,gsm8k,8526,1065
finqa,2363,finqa,8527,1050
finqa,2591,finqa,2591,2531
gsm8k,2591,gsm8k,8528,1033
gsm8k,1210,gsm8k,1210,1022
humaneval,4079,humaneval,4079,1607
gsm8k,4079,gsm8k,8529,1011
gsm8k,575,gsm8k,575,1009
humaneval,575,humaneval,8530,207
humaneval,801,humaneval,801,1600
gsm8k,801,gsm8k,8531,1003
finqa,801,finqa,8532,513
gsm8k,2027,gsm8k,2027,1003
gsm8k,24,gsm8k,24,1002
gsm8k,176,gsm8k,176,997
gsm8k,131,gsm8k,131,995
gsm8k,2298,gsm8k,2298,994
finqa,3040,finqa,3040,812
gsm8k,3040,gsm8k,8533,994
finqa,925,finqa,925,1329
gsm8k,925,gsm8k,8534,987
gsm8k,3426,gsm8k,3426,986
finqa,958,finqa,958,1267
gsm8k,958,gsm8k,8535,982
gsm8k,999,gsm8k,999,980
finqa,1264,finqa,1264,3084
gsm8k,1264,gsm8k,8536,971
finqa,2866,finqa,2866,1044
gsm8k,2866,gsm8k,8537,967
finqa,1740,finqa,1740,2559
gsm8k,1740,gsm8k,8538,966
gsm8k,2543,gsm8k,2543,964
finqa,3890,finqa,3890,4090
gsm8k,3890,gsm8k,8539,945
humaneval,3890,humaneval,8540,2215
gsm8k,2919,gsm8k,2919,940
gsm8k,989,gsm8k,989,940
gsm8k,1566,gsm8k,1566,937
gsm8k,3432,gsm8k,3432,932
gsm8k,963,gsm8k,963,932
humaneval,963,humaneval,8541,279
finqa,1678,finqa,1678,1011
gsm8k,1678,gsm8k,8542,931
finqa,3251,finqa,3251,1057
gsm8k,3251,gsm8k,8543,927
gsm8k,2863,gsm8k,2863,925
finqa,3798,finqa,3798,2276
gsm8k,3798,gsm8k,8544,923
finqa,3679,finqa,3679,853
gsm8k,3679,gsm8k,8545,914
humaneval,3679,humaneval,8546,1600
gsm8k,2951,gsm8k,2951,909
gsm8k,1085,gsm8k,1085,907
gsm8k,1575,gsm8k,1575,906
finqa,3971,finqa,3971,949
gsm8k,3971,gsm8k,8547,905
gsm8k,427,gsm8k,427,899
gsm8k,1068,gsm8k,1068,894
finqa,893,finqa,893,885
gsm8k,893,gsm8k,8548,892
gsm8k,3629,gsm8k,3629,890
gsm8k,3107,gsm8k,3107,890
finqa,3621,finqa,3621,1255
gsm8k,3621,gsm8k,8549,888
humaneval,3621,humaneval,8550,255
finqa,2219,finqa,2219,737
gsm8k,2219,gsm8k,8551,886
humaneval,2219,humaneval,8552,406
gsm8k,2024,gsm8k,2024,882
humaneval,2024,humaneval,8553,170
finqa,3416,finqa,3416,3926
gsm8k,3416,gsm8k,8554,880
humaneval,3416,humaneval,8555,5548
finqa,1931,finqa,1931,708
gsm8k,1931,gsm8k,8556,869
humaneval,1931,humaneval,8557,1600
finqa,3839,finqa,3839,861
gsm8k,3839,gsm8k,8558,868
gsm8k,1181,gsm8k,1181,864
humaneval,4092,humaneval,4092,1674
gsm8k,4092,gsm8k,8559,862
finqa,4092,finqa,8560,626
gsm8k,354,gsm8k,354,860
humaneval,3228,humaneval,3228,1600
gsm8k,3228,gsm8k,8561,858
finqa,3228,finqa,8562,501
finqa,179,finqa,179,931
gsm8k,179,gsm8k,8563,856
gsm8k,3670,gsm8k,3670,854
gsm8k,48,gsm8k,48,849
finqa,3744,finqa,3744,627
gsm8k,3744,gsm8k,8564,849
humaneval,2091,humaneval,2091,10988
gsm8k,2091,gsm8k,8565,846
finqa,2091,finqa,8566,916
humaneval,1008,humaneval,1008,3751
gsm8k,1008,gsm8k,8567,842
finqa,1008,finqa,8568,919
finqa,3696,finqa,3696,658
gsm8k,3696,gsm8k,8569,841
finqa,3728,finqa,3728,1062
gsm8k,3728,gsm8k,8570,839
humaneval,2448,humaneval,2448,1611
gsm8k,2448,gsm8k,8571,839
gsm8k,486,gsm8k,486,835
humaneval,3000,humaneval,3000,10988
gsm8k,3000,gsm8k,8572,834
finqa,3000,finqa,8573,1104
gsm8k,2829,gsm8k,2829,831
humaneval,1157,humaneval,1157,1624
gsm8k,1157,gsm8k,8574,831
gsm8k,2134,gsm8k,2134,830
finqa,3012,finqa,3012,1137
gsm8k,3012,gsm8k,8575,825
humaneval,2182,humaneval,2182,4485
gsm8k,2182,gsm8k,8576,825
finqa,2182,finqa,8577,651
humaneval,1564,humaneval,1564,11099
gsm8k,1564,gsm8k,8578,824
finqa,1564,finqa,8579,1887
humaneval,243,humaneval,243,5322
gsm8k,243,gsm8k,8580,824
humaneval,1446,humaneval,1446,1600
gsm8k,1446,gsm8k,8581,823
finqa,1446,finqa,8582,514
finqa,1938,finqa,1938,790
gsm8k,1938,gsm8k,8583,822
gsm8k,65,gsm8k,65,820
gsm8k,2777,gsm8k,2777,815
finqa,1283,finqa,1283,753
gsm8k,1283,gsm8k,8584,814
gsm8k,1442,gsm8k,1442,814
finqa,932,finqa,932,873
gsm8k,932,gsm8k,8585,813
gsm8k,597,gsm8k,597,811
gsm8k,1404,gsm8k,1404,811
finqa,1238,finqa,1238,684
gsm8k,1238,gsm8k,8586,809
finqa,1282,finqa,1282,958
gsm8k,1282,gsm8k,8587,808
gsm8k,3403,gsm8k,3403,802
humaneval,2967,humaneval,2967,5359
gsm8k,2967,gsm8k,8588,801
finqa,2967,finqa,8589,617
finqa,3157,finqa,3157,678
gsm8k,3157,gsm8k,8590,800
humaneval,3157,humaneval,8591,255
gsm8k,2619,gsm8k,2619,791
gsm8k,2838,gsm8k,2838,790
gsm8k,1066,gsm8k,1066,784
humaneval,2325,humaneval,2325,1696
gsm8k,2325,gsm8k,8592,783
gsm8k,2137,gsm8k,2137,782
finqa,2357,finqa,2357,819
gsm8k,2357,gsm8k,8593,781
humaneval,2357,humaneval,8594,191
finqa,1790,finqa,1790,1027
gsm8k,1790,gsm8k,8595,781
humaneval,1790,humaneval,8596,186
gsm8k,594,gsm8k,594,781
finqa,265,finqa,265,944
gsm8k,265,gsm8k,8597,780
gsm8k,848,gsm8k,848,778
finqa,3123,finqa,3123,879
gsm8k,3123,gsm8k,8598,778
humaneval,765,humaneval,765,10988
gsm8k,765,gsm8k,8599,775
finqa,765,finqa,8600,937
gsm8k,2020,gsm8k,2020,771
finqa,1509,finqa,1509,730
gsm8k,1509,gsm8k,8601,768
finqa,3690,finqa,3690,745
gsm8k,3690,gsm8k,8602,765
finqa,2403,finqa,2403,596
gsm8k,2403,gsm8k,8603,764
gsm8k,1003,gsm8k,1003,761
gsm8k,1877,gsm8k,1877,758
humaneval,1877,humaneval,8604,299
finqa,3649,finqa,3649,906
gsm8k,3649,gsm8k,8605,753
gsm8k,3717,gsm8k,3717,750
finqa,607,finqa,607,1116
gsm8k,607,gsm8k,8606,749
gsm8k,1701,gsm8k,1701,748
finqa,2913,finqa,2913,841
gsm8k,2913,gsm8k,8607,740
finqa,142,finqa,142,617
gsm8k,142,gsm8k,8608,738
gsm8k,2714,gsm8k,2714,735
gsm8k,222,gsm8k,222,734
humaneval,222,humaneval,8609,254
gsm8k,1091,gsm8k,1091,732
humaneval,1091,humaneval,8610,251
gsm8k,968,gsm8k,968,729
finqa,2077,finqa,2077,528
gsm8k,2077,gsm8k,8611,727
humaneval,358,humaneval,358,2506
gsm8k,358,gsm8k,8612,724
finqa,582,finqa,582,1090
gsm8k,582,gsm8k,8613,721
gsm8k,168,gsm8k,168,720
finqa,2969,finqa,2969,585
gsm8k,2969,gsm8k,8614,720
finqa,795,finqa,795,619
gsm8k,795,gsm8k,8615,718
humaneval,1309,humaneval,1309,1600
gsm8k,1309,gsm8k,8616,714
gsm8k,2399,gsm8k,2399,714
gsm8k,1889,gsm8k,1889,713
gsm8k,1549,gsm8k,1549,711
gsm8k,587,gsm8k,587,706
gsm8k,2590,gsm8k,2590,702
gsm8k,1981,gsm8k,1981,692
finqa,3615,finqa,3615,1206
gsm8k,3615,gsm8k,8617,686
gsm8k,1101,gsm8k,1101,686
finqa,3992,finqa,3992,1289
gsm8k,3992,gsm8k,8618,685
humaneval,3992,humaneval,8619,1600
gsm8k,3153,gsm8k,3153,685
gsm8k,661,gsm8k,661,682
gsm8k,3247,gsm8k,3247,679
gsm8k,2248,gsm8k,2248,679
finqa,421,finqa,421,544
gsm8k,421,gsm8k,8620,678
humaneval,421,humaneval,8621,184
gsm8k,3080,gsm8k,3080,677
finqa,998,finqa,998,544
gsm8k,998,gsm8k,8622,675
finqa,1644,finqa,1644,946
gsm8k,1644,gsm8k,8623,670
gsm8k,1957,gsm8k,1957,669
finqa,3582,finqa,3582,810
gsm8k,3582,gsm8k,8624,669
gsm8k,1316,gsm8k,1316,668
gsm8k,3884,gsm8k,3884,666
gsm8k,2908,gsm8k,2908,665
gsm8k,3882,gsm8k,3882,665
humaneval,3882,humaneval,8625,179
gsm8k,174,gsm8k,174,662
gsm8k,1520,gsm8k,1520,660
gsm8k,3537,gsm8k,3537,660
gsm8k,3060,gsm8k,3060,658
gsm8k,727,gsm8k,727,656
finqa,1215,finqa,1215,747
gsm8k,1215,gsm8k,8626,654
gsm8k,3010,gsm8k,3010,652
gsm8k,869,gsm8k,869,652
gsm8k,1513,gsm8k,1513,649
gsm8k,2502,gsm8k,2502,648
gsm8k,3969,gsm8k,3969,647
gsm8k,1262,gsm8k,1262,645
gsm8k,1485,gsm8k,1485,645
gsm8k,610,gsm8k,610,641
finqa,2269,finqa,2269,898
gsm8k,2269,gsm8k,8627,638
gsm8k,1078,gsm8k,1078,638
gsm8k,3915,gsm8k,3915,637
gsm8k,474,gsm8k,474,632
finqa,456,finqa,456,868
gsm8k,456,gsm8k,8628,630
gsm8k,2475,gsm8k,2475,630
gsm8k,254,gsm8k,254,627
humaneval,3689,humaneval,3689,2702
gsm8k,3689,gsm8k,8629,623
gsm8k,1514,gsm8k,1514,620
gsm8k,4060,gsm8k,4060,619
humaneval,2692,humaneval,2692,3935
gsm8k,2692,gsm8k,8630,617
finqa,2692,finqa,8631,661
finqa,1252,finqa,1252,751
gsm8k,1252,gsm8k,8632,616
gsm8k,2222,gsm8k,2222,613
finqa,3320,finqa,3320,708
gsm8k,3320,gsm8k,8633,610
finqa,1665,finqa,1665,802
gsm8k,1665,gsm8k,8634,610
humaneval,1665,humaneval,8635,379
gsm8k,3355,gsm8k,3355,609
finqa,1425,finqa,1425,599
gsm8k,1425,gsm8k,8636,609
gsm8k,104,gsm8k,104,606
gsm8k,422,gsm8k,422,604
finqa,30,finqa,30,631
gsm8k,30,gsm8k,8637,603
gsm8k,2712,gsm8k,2712,603
gsm8k,3761,gsm8k,3761,601
finqa,3308,finqa,3308,1983
gsm8k,3308,gsm8k,8638,599
gsm8k,137,gsm8k,137,597
gsm8k,1723,gsm8k,1723,592
humaneval,274,humaneval,274,1605
gsm8k,274,gsm8k,8639,587
finqa,274,finqa,8640,602
finqa,1731,finqa,1731,613
gsm8k,1731,gsm8k,8641,587
gsm8k,2983,gsm8k,2983,585
gsm8k,173,gsm8k,173,583
gsm8k,1297,gsm8k,1297,582
gsm8k,1503,gsm8k,1503,578
finqa,3605,finqa,3605,856
gsm8k,3605,gsm8k,8642,575
finqa,3033,finqa,3033,1303
gsm8k,3033,gsm8k,8643,574
finqa,3795,finqa,3795,824
gsm8k,3795,gsm8k,8644,574
gsm8k,3418,gsm8k,3418,574
gsm8k,2648,gsm8k,2648,570
finqa,3198,finqa,3198,1260
gsm8k,3198,gsm8k,8645,570
finqa,3575,finqa,3575,1325
gsm8k,3575,gsm8k,8646,569
finqa,3539,finqa,3539,744
gsm8k,3539,gsm8k,8647,566
gsm8k,2083,gsm8k,2083,564
finqa,29,finqa,29,1538
gsm8k,29,gsm8k,8648,563
gsm8k,3590,gsm8k,3590,561
humaneval,3590,humaneval,8649,236
finqa,229,finqa,229,1034
gsm8k,229,gsm8k,8650,560
humaneval,229,humaneval,8651,464
gsm8k,1401,gsm8k,1401,557
finqa,2565,finqa,2565,529
gsm8k,2565,gsm8k,8652,555
finqa,79,finqa,79,1037
gsm8k,79,gsm8k,8653,554
humaneval,367,humaneval,367,1630
gsm8k,367,gsm8k,8654,553
gsm8k,2484,gsm8k,2484,548
gsm8k,1943,gsm8k,1943,546
gsm8k,2558,gsm8k,2558,544
humaneval,2558,humaneval,8655,440
gsm8k,2194,gsm8k,2194,542
gsm8k,2696,gsm8k,2696,540
gsm8k,1585,gsm8k,1585,540
gsm8k,4058,gsm8k,4058,539
gsm8k,2811,gsm8k,2811,539
humaneval,2811,humaneval,8656,430
gsm8k,1293,gsm8k,1293,538
finqa,57,finqa,57,872
gsm8k,57,gsm8k,8657,536
finqa,1350,finqa,1350,513
gsm8k,1350,gsm8k,8658,532
finqa,1400,finqa,1400,1144
gsm8k,1400,gsm8k,8659,531
finqa,1108,finqa,1108,511
gsm8k,1108,gsm8k,8660,531
gsm8k,3610,gsm8k,3610,531
gsm8k,520,gsm8k,520,530
finqa,3637,finqa,3637,1179
gsm8k,3637,gsm8k,8661,525
finqa,2205,finqa,2205,610
gsm8k,2205,gsm8k,8662,521
gsm8k,3635,gsm8k,3635,520
finqa,2665,finqa,2665,548
gsm8k,2665,gsm8k,8663,518
finqa,1042,finqa,1042,1487
gsm8k,1042,gsm8k,8664,518
finqa,1762,finqa,1762,727
gsm8k,1762,gsm8k,8665,517
humaneval,2461,humaneval,2461,662
gsm8k,2461,gsm8k,8666,516
gsm8k,2499,gsm8k,2499,509
gsm8k,2871,gsm8k,2871,507
gsm8k,1134,gsm8k,1134,507
gsm8k,595,gsm8k,595,505
gsm8k,410,gsm8k,410,505
finqa,4002,finqa,4002,1410
gsm8k,4002,gsm8k,8667,503
finqa,3084,finqa,3084,963
gsm8k,3084,gsm8k,8668,496
gsm8k,1441,gsm8k,1441,495
gsm8k,3558,gsm8k,3558,494
finqa,2428,finqa,2428,533
gsm8k,2428,gsm8k,8669,492
gsm8k,180,gsm8k,180,490
gsm8k,2780,gsm8k,2780,487
finqa,2050,finqa,2050,649
gsm8k,2050,gsm8k,8670,486
finqa,2934,finqa,2934,910
gsm8k,2934,gsm8k,8671,486
gsm8k,711,gsm8k,711,486
gsm8k,2217,gsm8k,2217,484
finqa,3685,finqa,3685,728
gsm8k,3685,gsm8k,8672,482
gsm8k,230,gsm8k,230,481
gsm8k,2916,gsm8k,2916,480
finqa,1114,finqa,1114,564
gsm8k,1114,gsm8k,8673,480
finqa,3039,finqa,3039,936
gsm8k,3039,gsm8k,8674,478
humaneval,3813,humaneval,3813,18682
humaneval,758,humaneval,758,18619
finqa,758,finqa,8675,1760
humaneval,380,humaneval,380,18604
humaneval,785,humaneval,785,18604
humaneval,2241,humaneval,2241,18604
humaneval,1958,humaneval,1958,18604
humaneval,59,humaneval,59,18424
finqa,59,finqa,8676,2123
humaneval,3197,humaneval,3197,11758
humaneval,3796,humaneval,3796,11486
finqa,3796,finqa,8677,1773
humaneval,263,humaneval,263,11391
finqa,263,finqa,8678,1852
humaneval,537,humaneval,537,10977
finqa,537,finqa,8679,1819
humaneval,872,humaneval,872,10963
finqa,872,finqa,8680,1608
humaneval,2061,humaneval,2061,10285
finqa,2061,finqa,8681,1595
humaneval,1208,humaneval,1208,10281
finqa,1208,finqa,8682,1549
humaneval,1522,humaneval,1522,10276
finqa,1522,finqa,8683,1534
humaneval,60,humaneval,60,10276
finqa,60,finqa,8684,1484
humaneval,2959,humaneval,2959,10276
finqa,2959,finqa,8685,1511
humaneval,1972,humaneval,1972,8163
humaneval,36,humaneval,36,8150
finqa,36,finqa,8686,602
humaneval,2515,humaneval,2515,8134
humaneval,3476,humaneval,3476,8131
humaneval,314,humaneval,314,8131
humaneval,1720,humaneval,1720,8131
humaneval,3566,humaneval,3566,7048
humaneval,2270,humaneval,2270,6460
humaneval,1106,humaneval,1106,6454
humaneval,1882,humaneval,1882,6420
humaneval,2533,humaneval,2533,6417
humaneval,3509,humaneval,3509,6417
humaneval,3608,humaneval,3608,6417
finqa,2278,finqa,2278,8023
humaneval,2278,humaneval,8687,6188
humaneval,4084,humaneval,4084,6101
finqa,4084,finqa,8688,735
humaneval,2479,humaneval,2479,5832
humaneval,2441,humaneval,2441,5542
finqa,2441,finqa,8689,903
humaneval,332,humaneval,332,5426
finqa,332,finqa,8690,727
humaneval,1390,humaneval,1390,5302
humaneval,1634,humaneval,1634,5230
finqa,1634,finqa,8691,581
humaneval,1053,humaneval,1053,5223
finqa,1053,finqa,8692,499
humaneval,3756,humaneval,3756,5217
humaneval,750,humaneval,750,5201
humaneval,2532,humaneval,2532,4515
humaneval,268,humaneval,268,4509
finqa,268,finqa,8693,497
humaneval,2683,humaneval,2683,4501
humaneval,670,humaneval,670,4501
humaneval,2085,humaneval,2085,4501
finqa,2085,finqa,8694,581
finqa,4039,finqa,4039,3432
humaneval,4039,humaneval,8695,3995
humaneval,3270,humaneval,3270,3969
finqa,3789,finqa,3789,3326
humaneval,3789,humaneval,8696,3955
finqa,3814,finqa,3814,3392
humaneval,3814,humaneval,8697,3948
finqa,3007,finqa,3007,3293
humaneval,3007,humaneval,8698,3948
humaneval,995,humaneval,995,3932
humaneval,3872,humaneval,3872,3925
humaneval,2518,humaneval,2518,3925
humaneval,2804,humaneval,2804,3925
humaneval,599,humaneval,599,3464
humaneval,1760,humaneval,1760,3431
humaneval,3625,humaneval,3625,3396
humaneval,830,humaneval,830,3375
humaneval,3217,humaneval,3217,3373
humaneval,1775,humaneval,1775,3371
humaneval,3119,humaneval,3119,3371
humaneval,1629,humaneval,1629,2922
humaneval,2423,humaneval,2423,2832
humaneval,326,humaneval,326,2734
humaneval,634,humaneval,634,2703
humaneval,2140,humaneval,2140,2700
humaneval,1479,humaneval,1479,2626
finqa,1479,finqa,8699,992
humaneval,581,humaneval,581,2585
humaneval,2629,humaneval,2629,2508
humaneval,794,humaneval,794,2471
humaneval,366,humaneval,366,2467
humaneval,2601,humaneval,2601,2303
humaneval,1801,humaneval,1801,2271
finqa,3953,finqa,3953,4200
humaneval,3953,humaneval,8700,2225
finqa,986,finqa,986,4398
humaneval,986,humaneval,8701,2218
finqa,2996,finqa,2996,4221
humaneval,2996,humaneval,8702,2215
finqa,3634,finqa,3634,1155
humaneval,3634,humaneval,8703,2133
humaneval,2782,humaneval,2782,2117
humaneval,3959,humaneval,3959,2088
humaneval,885,humaneval,885,2085
humaneval,513,humaneval,513,2082
humaneval,1052,humaneval,1052,2082
humaneval,212,humaneval,212,2078
humaneval,1758,humaneval,1758,2067
humaneval,3847,humaneval,3847,2063
humaneval,3806,humaneval,3806,2063
humaneval,552,humaneval,552,2057
humaneval,3778,humaneval,3778,2056
humaneval,1296,humaneval,1296,2051
humaneval,1276,humaneval,1276,2051
humaneval,3811,humaneval,3811,1985
finqa,3811,finqa,8704,643
humaneval,1235,humaneval,1235,1985
finqa,1235,finqa,8705,708
humaneval,3827,humaneval,3827,1973
humaneval,810,humaneval,810,1973
humaneval,1613,humaneval,1613,1941
humaneval,2637,humaneval,2637,1929
humaneval,3920,humaneval,3920,1881
humaneval,588,humaneval,588,1860
humaneval,625,humaneval,625,1841
humaneval,3172,humaneval,3172,1841
humaneval,375,humaneval,375,1714
humaneval,1807,humaneval,1807,1709
finqa,1807,finqa,8706,541
humaneval,1329,humaneval,1329,1699
finqa,1329,finqa,8707,561
humaneval,1182,humaneval,1182,1697
finqa,1420,finqa,1420,960
humaneval,1420,humaneval,8708,1686
humaneval,593,humaneval,593,1664
humaneval,802,humaneval,802,1658
humaneval,285,humaneval,285,1658
finqa,285,finqa,8709,660
humaneval,2118,humaneval,2118,1650
humaneval,1232,humaneval,1232,1638
humaneval,2028,humaneval,2028,1634
finqa,1205,finqa,1205,983
humaneval,1205,humaneval,8710,1625
humaneval,223,humaneval,223,1621
humaneval,1617,humaneval,1617,1621
humaneval,3421,humaneval,3421,1621
humaneval,2851,humaneval,2851,1621
humaneval,1819,humaneval,1819,1615
humaneval,3563,humaneval,3563,1613
finqa,1708,finqa,1708,2619
humaneval,1708,humaneval,8711,1612
humaneval,4078,humaneval,4078,1612
humaneval,2301,humaneval,2301,1610
humaneval,1647,humaneval,1647,1608
humaneval,1241,humaneval,1241,1607
humaneval,2292,humaneval,2292,1606
finqa,2292,finqa,8712,532
humaneval,4031,humaneval,4031,1605
humaneval,2462,humaneval,2462,1604
humaneval,647,humaneval,647,1604
humaneval,2993,humaneval,2993,1602
humaneval,1496,humaneval,1496,1602
humaneval,3647,humaneval,3647,1601
humaneval,2486,humaneval,2486,1600
humaneval,39,humaneval,39,1600
finqa,2995,finqa,2995,701
humaneval,2995,humaneval,8713,1600
humaneval,2108,humaneval,2108,1600
humaneval,2045,humaneval,2045,1600
humaneval,4005,humaneval,4005,1600
humaneval,2781,humaneval,2781,1600
humaneval,355,humaneval,355,1600
humaneval,69,humaneval,69,1600
finqa,69,finqa,8714,526
humaneval,2119,humaneval,2119,1600
humaneval,3137,humaneval,3137,1600
humaneval,2984,humaneval,2984,1600
finqa,2984,finqa,8715,558
humaneval,3063,humaneval,3063,1600
finqa,272,finqa,272,808
humaneval,272,humaneval,8716,1600
humaneval,2739,humaneval,2739,1600
finqa,53,finqa,53,1239
humaneval,53,humaneval,8717,1600
humaneval,3079,humaneval,3079,1600
finqa,2422,finqa,2422,2666
humaneval,2422,humaneval,8718,1600
humaneval,1804,humaneval,1804,1600
humaneval,1786,humaneval,1786,1600
humaneval,3864,humaneval,3864,1600
humaneval,3419,humaneval,3419,1600
humaneval,3481,humaneval,3481,1600
humaneval,1727,humaneval,1727,1600
finqa,1727,finqa,8719,560
humaneval,3502,humaneval,3502,1600
finqa,3502,finqa,8720,499
humaneval,3567,humaneval,3567,1600
humaneval,1908,humaneval,1908,1600
humaneval,2576,humaneval,2576,1600
humaneval,3424,humaneval,3424,1326
finqa,2362,finqa,2362,801
humaneval,2362,humaneval,8721,1256
humaneval,3230,humaneval,3230,1250
humaneval,1967,humaneval,1967,1250
humaneval,3121,humaneval,3121,1250
finqa,3565,finqa,3565,1619
humaneval,3565,humaneval,8722,1077
humaneval,4034,humaneval,4034,1072
humaneval,308,humaneval,308,1037
humaneval,2632,humaneval,2632,1026
humaneval,849,humaneval,849,1026
humaneval,2037,humaneval,2037,1026
humaneval,1319,humaneval,1319,879
humaneval,3725,humaneval,3725,828
finqa,1188,finqa,1188,1382
humaneval,1188,humaneval,8723,825
finqa,2614,finqa,2614,1143
humaneval,2614,humaneval,8724,798
humaneval,1499,humaneval,1499,775
humaneval,1951,humaneval,1951,771
finqa,2458,finqa,2458,1142
humaneval,2458,humaneval,8725,751
humaneval,2625,humaneval,2625,751
finqa,2212,finqa,2212,527
humaneval,2212,humaneval,8726,733
humaneval,1733,humaneval,1733,733
humaneval,2046,humaneval,2046,733
humaneval,2231,humaneval,2231,733
humaneval,3809,humaneval,3809,721
humaneval,1657,humaneval,1657,715
humaneval,2607,humaneval,2607,714
humaneval,1621,humaneval,1621,714
humaneval,2243,humaneval,2243,699
humaneval,1234,humaneval,1234,686
humaneval,2821,humaneval,2821,658
humaneval,2190,humaneval,2190,654
humaneval,260,humaneval,260,651
humaneval,2858,humaneval,2858,650
humaneval,2843,humaneval,2843,631
humaneval,2009,humaneval,2009,631
humaneval,1933,humaneval,1933,612
humaneval,3702,humaneval,3702,601
humaneval,1307,humaneval,1307,580
humaneval,2549,humaneval,2549,568
humaneval,3919,humaneval,3919,562
humaneval,2641,humaneval,2641,561
humaneval,3517,humaneval,3517,558
humaneval,3443,humaneval,3443,550
humaneval,1269,humaneval,1269,550
finqa,1611,finqa,1611,578
humaneval,1611,humaneval,8727,550
humaneval,2606,humaneval,2606,547
humaneval,3781,humaneval,3781,533
humaneval,2332,humaneval,2332,523
humaneval,3619,humaneval,3619,504
humaneval,300,humaneval,300,504
humaneval,2043,humaneval,2043,504
humaneval,280,humaneval,280,504
humaneval,1255,humaneval,1255,504
humaneval,357,humaneval,357,504
humaneval,2418,humaneval,2418,504
humaneval,1211,humaneval,1211,491
humaneval,1539,humaneval,1539,491
humaneval,3413,humaneval,3413,487
humaneval,2266,humaneval,2266,485
humaneval,1311,humaneval,1311,463
humaneval,80,humaneval,80,462
humaneval,1918,humaneval,1918,456
humaneval,929,humaneval,929,456
humaneval,3136,humaneval,3136,456
humaneval,4041,humaneval,4041,456
humaneval,1533,humaneval,1533,456
humaneval,1035,humaneval,1035,455
humaneval,548,humaneval,548,444
humaneval,2645,humaneval,2645,435
finqa,1808,finqa,1808,762
humaneval,1808,humaneval,8728,434
humaneval,359,humaneval,359,433
humaneval,832,humaneval,832,433
humaneval,1495,humaneval,1495,433
humaneval,2358,humaneval,2358,431
humaneval,1424,humaneval,1424,431
humaneval,2466,humaneval,2466,430
finqa,3112,finqa,3112,584
humaneval,3112,humaneval,8729,428
humaneval,3665,humaneval,3665,425
humaneval,3311,humaneval,3311,425
humaneval,3986,humaneval,3986,420
humaneval,3394,humaneval,3394,388
humaneval,1032,humaneval,1032,364
humaneval,203,humaneval,203,364
humaneval,1204,humaneval,1204,359
humaneval,3222,humaneval,3222,349
humaneval,1147,humaneval,1147,337
humaneval,2239,humaneval,2239,337
humaneval,3106,humaneval,3106,337
humaneval,3092,humaneval,3092,337
humaneval,1346,humaneval,1346,337
humaneval,3343,humaneval,3343,330
humaneval,3294,humaneval,3294,328
finqa,3977,finqa,3977,580
humaneval,3977,humaneval,8730,317
humaneval,742,humaneval,742,316
humaneval,108,humaneval,108,313
humaneval,3862,humaneval,3862,313
humaneval,1099,humaneval,1099,313
humaneval,609,humaneval,609,303
humaneval,4013,humaneval,4013,294
finqa,1151,finqa,1151,1067
humaneval,1151,humaneval,8731,288
humaneval,3661,humaneval,3661,284
humaneval,3487,humaneval,3487,283
finqa,3446,finqa,3446,625
humaneval,3446,humaneval,8732,281
humaneval,1987,humaneval,1987,277
humaneval,1978,humaneval,1978,272
humaneval,1744,humaneval,1744,270
humaneval,1020,humaneval,1020,267
humaneval,2378,humaneval,2378,265
humaneval,2042,humaneval,2042,262
humaneval,2229,humaneval,2229,262
humaneval,1267,humaneval,1267,260
humaneval,1481,humaneval,1481,260
humaneval,3445,humaneval,3445,260
humaneval,2899,humaneval,2899,258
humaneval,2057,humaneval,2057,251
humaneval,106,humaneval,106,251
humaneval,4042,humaneval,4042,251
finqa,202,finqa,202,1233
humaneval,202,humaneval,8733,251
humaneval,1243,humaneval,1243,247
humaneval,3135,humaneval,3135,242
humaneval,1236,humaneval,1236,236
humaneval,1997,humaneval,1997,236
humaneval,4076,humaneval,4076,236
humaneval,1968,humaneval,1968,236
humaneval,3960,humaneval,3960,232
humaneval,933,humaneval,933,229
humaneval,1840,humaneval,1840,228
humaneval,2473,humaneval,2473,228
humaneval,423,humaneval,423,228
humaneval,2175,humaneval,2175,228
humaneval,2162,humaneval,2162,228
humaneval,850,humaneval,850,228
humaneval,43,humaneval,43,226
humaneval,3472,humaneval,3472,225
humaneval,3044,humaneval,3044,225
humaneval,824,humaneval,824,225
humaneval,2062,humaneval,2062,223
humaneval,479,humaneval,479,220
finqa,113,finqa,113,538
humaneval,113,humaneval,8734,220
humaneval,2348,humaneval,2348,220
humaneval,1061,humaneval,1061,220
humaneval,3676,humaneval,3676,220
humaneval,2089,humaneval,2089,220
finqa,950,finqa,950,622
humaneval,950,humaneval,8735,214
humaneval,406,humaneval,406,210
humaneval,2232,humaneval,2232,207
humaneval,3447,humaneval,3447,204
humaneval,351,humaneval,351,195
humaneval,165,humaneval,165,192
humaneval,3910,humaneval,3910,192
humaneval,534,humaneval,534,187
finqa,738,finqa,738,978
humaneval,738,humaneval,8736,186
finqa,4048,finqa,4048,515
humaneval,4048,humaneval,8737,186
humaneval,1155,humaneval,1155,186
humaneval,3193,humaneval,3193,182
humaneval,1655,humaneval,1655,181
humaneval,2731,humaneval,2731,181
humaneval,3390,humaneval,3390,181
humaneval,3072,humaneval,3072,177
humaneval,283,humaneval,283,170
finqa,3606,finqa,3606,3651
humaneval,3606,humaneval,8738,168
humaneval,2029,humaneval,2029,166
humaneval,1557,humaneval,1557,164
humaneval,2193,humaneval,2193,163
finqa,1815,finqa,1815,3240
finqa,1295,finqa,1295,3152
finqa,98,finqa,98,3126
finqa,2402,finqa,2402,3113
finqa,481,finqa,481,3100
finqa,857,finqa,857,3059
finqa,2460,finqa,2460,2874
finqa,3081,finqa,3081,2673
finqa,2922,finqa,2922,2617
finqa,525,finqa,525,2512
finqa,3593,finqa,3593,2507
finqa,3770,finqa,3770,1746
finqa,3852,finqa,3852,1543
finqa,2672,finqa,2672,1534
finqa,3492,finqa,3492,1440
finqa,3954,finqa,3954,1387
finqa,169,finqa,169,1382
finqa,3059,finqa,3059,1358
finqa,2873,finqa,2873,1355
finqa,97,finqa,97,1331
finqa,1527,finqa,1527,1311
finqa,2273,finqa,2273,1274
finqa,3945,finqa,3945,1207
finqa,2707,finqa,2707,1172
finqa,811,finqa,811,1171
finqa,1793,finqa,1793,1169
finqa,658,finqa,658,1134
finqa,890,finqa,890,1127
finqa,2153,finqa,2153,1115
finqa,18,finqa,18,1105
finqa,1322,finqa,1322,1086
finqa,2948,finqa,2948,1086
finqa,1434,finqa,1434,1047
finqa,2280,finqa,2280,1005
finqa,15,finqa,15,970
finqa,1872,finqa,1872,950
finqa,3126,finqa,3126,950
finqa,2611,finqa,2611,943
finqa,2644,finqa,2644,939
finqa,17,finqa,17,931
finqa,3982,finqa,3982,920
finqa,3018,finqa,3018,908
finqa,231,finqa,231,906
finqa,2610,finqa,2610,904
finqa,446,finqa,446,878
finqa,751,finqa,751,862
finqa,3672,finqa,3672,861
finqa,91,finqa,91,848
finqa,725,finqa,725,845
finqa,28,finqa,28,843
finqa,3226,finqa,3226,836
finqa,972,finqa,972,830
finqa,3662,finqa,3662,827
finqa,155,finqa,155,825
finqa,1303,finqa,1303,824
finqa,2474,finqa,2474,823
finqa,1627,finqa,1627,817
finqa,3851,finqa,3851,794
finqa,3246,finqa,3246,790
finqa,1220,finqa,1220,787
finqa,1494,finqa,1494,783
finqa,2687,finqa,2687,782
finqa,2380,finqa,2380,774
finqa,269,finqa,269,772
finqa,3365,finqa,3365,765
finqa,3366,finqa,3366,763
finqa,3766,finqa,3766,748
finqa,3379,finqa,3379,724
finqa,2598,finqa,2598,717
finqa,2791,finqa,2791,716
finqa,1870,finqa,1870,711
finqa,3183,finqa,3183,709
finqa,3861,finqa,3861,695
finqa,2146,finqa,2146,693
finqa,2347,finqa,2347,678
finqa,1932,finqa,1932,677
finqa,2685,finqa,2685,677
finqa,3314,finqa,3314,670
finqa,3636,finqa,3636,669
finqa,755,finqa,755,665
finqa,951,finqa,951,664
finqa,3395,finqa,3395,664
finqa,190,finqa,190,664
finqa,1118,finqa,1118,662
finqa,1984,finqa,1984,656
finqa,2758,finqa,2758,653
finqa,1750,finqa,1750,650
finqa,2885,finqa,2885,650
finqa,3738,finqa,3738,648
finqa,1788,finqa,1788,645
finqa,403,finqa,403,643
finqa,2425,finqa,2425,642
finqa,1632,finqa,1632,638
finqa,1290,finqa,1290,638
finqa,441,finqa,441,637
finqa,1570,finqa,1570,634
finqa,1030,finqa,1030,632
finqa,1102,finqa,1102,630
finqa,252,finqa,252,624
finqa,2956,finqa,2956,620
finqa,4071,finqa,4071,617
finqa,1510,finqa,1510,616
finqa,89,finqa,89,615
finqa,825,finqa,825,612
finqa,2682,finqa,2682,611
finqa,453,finqa,453,610
finqa,1263,finqa,1263,609
finqa,2372,finqa,2372,609
finqa,2695,finqa,2695,606
finqa,663,finqa,663,605
finqa,2690,finqa,2690,604
finqa,282,finqa,282,604
finqa,1318,finqa,1318,601
finqa,2964,finqa,2964,593
finqa,295,finqa,295,591
finqa,1883,finqa,1883,588
finqa,2271,finqa,2271,588
finqa,2335,finqa,2335,587
finqa,1615,finqa,1615,586
finqa,2503,finqa,2503,586
finqa,42,finqa,42,585
finqa,312,finqa,312,578
finqa,3836,finqa,3836,577
finqa,1486,finqa,1486,572
finqa,1122,finqa,1122,571
finqa,1299,finqa,1299,565
finqa,1599,finqa,1599,563
finqa,891,finqa,891,563
finqa,3221,finqa,3221,558
finqa,3240,finqa,3240,557
finqa,242,finqa,242,553
finqa,3513,finqa,3513,553
finqa,3282,finqa,3282,553
finqa,1019,finqa,1019,548
finqa,3360,finqa,3360,545
finqa,365,finqa,365,539
finqa,2654,finqa,2654,539
finqa,586,finqa,586,538
finqa,3741,finqa,3741,534
finqa,3587,finqa,3587,526
finqa,1284,finqa,1284,526
finqa,1524,finqa,1524,522
finqa,1014,finqa,1014,520
finqa,1086,finqa,1086,518
finqa,1752,finqa,1752,515
finqa,224,finqa,224,511
finqa,2968,finqa,2968,510
finqa,616,finqa,616,510
finqa,2226,finqa,2226,508
finqa,2973,finqa,2973,507
finqa,2086,finqa,2086,506
finqa,875,finqa,875,506
finqa,2016,finqa,2016,502
finqa,2999,finqa,2999,502
finqa,805,finqa,805,498
